music_file,duration,slogan1_position,slogan2_position,confidence,genre_hint,timestamp
1. OG Mimoso x Frank Dior - EU FALHEI (Prod By Astro Record).mp3,180.0239455782313,6.170430839002267,173.81183673469388,high,unknown,2026-04-10T14:38:12.100292
12 Furos - Paradoxo (Rap).mp3,183.5,3.9749206349206347,164.5,high,rap,2026-04-10T14:40:11.533645
2. Frank Dior x Og Mimoso - Volta Só.mp3,193.7904761904762,19.032607709750568,180.21469387755104,high,unknown,2026-04-10T14:42:20.359587
3 Finer - Romance (Zouk).mp3,153.70897959183674,5.036689342403628,137.4837188208617,high,zouk,2026-04-10T14:44:06.004352
3 Finer feat. T-djay - Surdo (Zouk).mp3,192.5863038548753,7.974920634920635,176.0,high,zouk,2026-04-10T14:46:11.110292
3 Finer x Teo no Beat - Viva.mp3,168.37301587301587,15.110657596371881,161.3681179138322,high,unknown,2026-04-10T14:48:05.056877
3 Finer – Você (feat. Ganan Boy e T-Day).mp3,136.77419501133787,5.974965986394558,124.0,high,unknown,2026-04-10T14:49:44.543501
3. Frank Dior - Nosso Love (Prod by Astro Record x Salomão no Beat).mp3,154.63292517006803,14.185895691609977,144.14054421768708,high,unknown,2026-04-10T14:51:23.784642
4. OG Mimoso - MOTIVOS (Prod by Astro Record).mp3,144.7847619047619,18.4653514739229,139.68149659863946,high,unknown,2026-04-10T14:52:59.911612
5. OG Mimoso x Frank Dior - CAMINHAR (Prod By Astro Record).mp3,190.9170068027211,7.704671201814059,170.0057596371882,high,unknown,2026-04-10T14:55:04.287879
Anderson Mário - Pobreza.mp3,210.70897959183674,10.185351473922902,190.4494784580499,high,unknown,2026-04-10T14:57:30.283876
Anibaltwolife feat. 12 Furos - Vaz Conseguir (Drill).mp3,207.60961451247167,11.974920634920634,192.0,high,drill,2026-04-10T14:59:47.644642
Anna Joyce feat. Ivandro - Ondas Do Mar (R&B).mp3,224.07256235827666,15.974965986394558,200.0,high,unknown,2026-04-10T15:02:09.083610
Anselmo Ralph - Depois Das 7.mp3,245.6175963718821,15.974920634920634,234.0,high,unknown,2026-04-10T15:04:43.478301
Anselmo Ralph - Girl.mp3,151.2780045351474,7.974920634920635,136.0,high,unknown,2026-04-10T15:06:22.486002
Anselmo Ralph - Mais Uma Noite.mp3,185.15591836734694,7.974920634920635,176.0,high,unknown,2026-04-10T15:09:00.894573
Anselmo Ralph - Negação.mp3,171.22394557823128,1.974965986394558,160.0,high,unknown,2026-04-10T15:11:07.642715
Anselmo Ralph - Yeshua.mp3,163.0142403628118,5.974920634920635,150.0,high,unknown,2026-04-10T15:13:54.447835
Apollo G - Love (Rap) (Prod. Kyo).mp3,146.0,9.974965986394558,112.0,high,rap,2026-04-10T15:15:46.491865
"Arts & Beats - Não inventa (feat. Rei Panda, Lil Magro & Teles Palop).mp3",232.0,7.974965986394558,176.0,high,unknown,2026-04-10T15:19:02.246603
Atrás do Ouro - Mano Chaba & Anderson Mário.mp3,256.0,7.974965986394558,226.0,high,unknown,2026-04-10T15:22:24.469962
Ayra Starr & Rema - Whos Dat Girl.mp3,172.0,7.974920634920635,156.0,high,unknown,2026-04-10T15:24:49.989446
Balilson Bcc - Na Embaixada (feat. Edson Beat).mp3,120.23292517006803,103.97496598639455,108.877052154195,high,unknown,2026-04-10T15:25:42.575910
Bebo Clone feat. Latina Queen - Ngombide.mp3,179.46702947845804,11.974965986394558,160.0,high,unknown,2026-04-10T15:28:00.298705
Benga Boy - Deixa te amar (Zouk).mp3,172.55292517006802,5.77437641723356,158.68607709750566,high,zouk,2026-04-10T15:30:43.890786
Betinho Chama Betinha - Kailany Do Adoço.mp3,136.97451247165532,19.071473922902495,110.0,high,unknown,2026-04-10T15:33:19.241851
Biura feat. Miss Tchamba - La Chica (Amapiano).mp3,166.90503401360544,11.974965986394558,132.0,high,unknown,2026-04-10T15:37:09.955064
Biura x Anna Joyce x Dj SN - Lugar Perfeito (Afro Remix).mp3,270.13102040816324,11.974965986394558,196.0,high,unknown,2026-04-10T15:41:29.928591
Brazucas feat. Tshunami - Abre O Ficheiro (Afro House) (Prod. Mauro Dix DJ).mp3,146.44825396825397,10.474965986394558,128.0,high,house,2026-04-10T15:44:40.043713
Briisa feat. 12 Furos - Filho De Pobre (Rap).mp3,219.98585034013607,4.974965986394558,208.0,high,rap,2026-04-10T15:49:03.394761
BRIISA x Sublime 414 - Oração_cbnews_1deb1165.mp3,184.44598639455782,15.0,152.91401360544216,high,unknown,2026-04-10T15:51:45.192432
Button Rose - Porta.mp3,221.5380045351474,3.9749659863945577,208.0,high,unknown,2026-04-10T15:55:02.837919
Button Rose - Você Prometeu (Zouk).mp3,190.8647619047619,18.975419501133786,178.04934240362812,high,zouk,2026-04-10T15:57:58.361010
Button Rose - Última Lágrima.mp3,241.71945578231293,15.974920634920634,220.0,high,unknown,2026-04-10T16:01:05.882801
Bíblia na Mão.mp3,239.818231292517,24.8140589569161,220.08154195011338,high,unknown,2026-04-10T16:03:59.698945
C4 Pedro - Melhor Amigo (feat. Lucky Mayanda777).mp3,359.0965986394558,11.974920634920634,344.0,high,unknown,2026-04-10T16:08:41.999369
C4 Pedro - Mil Novecentos E O Carvalho (feat. Bruna Amado).mp3,186.03827664399094,3.9749206349206347,176.0,high,unknown,2026-04-10T16:11:04.225949
C4 Pedro - Mpetelo Messami.mp3,343.6887074829932,27.974965986394558,272.0,high,unknown,2026-04-10T16:15:26.798653
C4 Pedro - Nzambi É Que Manda Memo.mp3,244.04172335600907,11.974965986394558,224.0,high,unknown,2026-04-10T16:18:41.754257
"C4 Pedro - Padrão De Beleza (feat. DJ Vado Poster, Jordânia, Telminho).mp3",226.6833560090703,15.974965986394558,216.0,high,unknown,2026-04-10T16:21:30.527701
C4 Pedro - Rosita.mp3,171.3168253968254,1.974965986394558,148.0,high,unknown,2026-04-10T16:23:39.212758
C4 Pedro - Saudade.mp3,243.6237641723356,21.974965986394558,224.0,high,unknown,2026-04-10T16:26:45.388145
C4 Pedro - Vocês Não Sabem Nada.mp3,211.67310657596371,11.974920634920634,192.0,high,unknown,2026-04-10T16:29:32.641124
C4 Pedro - É Memo Esse (feat. Telminho).mp3,209.32789115646258,11.974920634920634,186.0,high,unknown,2026-04-10T16:32:13.424258
Cage One - Papoite_cbnews_e39e42b5.mp3,203.76498866213151,15.0,163.76498866213151,high,unknown,2026-04-10T16:34:45.653148
Cef Tanzy feat Black Spygo & Smash Midas - Tropa (Zouk).mp3,171.82149659863944,4.370975056689343,151.5362811791383,high,zouk,2026-04-10T16:36:59.743715
CEO Viciante feat. Lil Saint - Ensina Amar De Novo (Zouk).mp3,202.1166439909297,7.974920634920635,188.0,high,zouk,2026-04-10T16:39:37.307640
Ciente Romântico x Deejay Famoroso x Teo No Beat - Amor na Paz_cbnews_48202faa.mp3,170.00299319727893,15.0,155.00299319727893,high,unknown,2026-04-10T16:41:47.397222
Cleyton M feat. DJ Aka-m - Money (Afro House).mp3,221.3558276643991,187.97492063492064,195.08625850340135,high,house,2026-04-10T16:43:29.946146
Cláudio Fénix - Ficar A Sós (Zouk).mp3,172.0,15.974920634920634,164.0,high,zouk,2026-04-10T16:45:31.079800
Cláudio Pina - Cretcheu (Kizomba).mp3,188.80145124716555,15.974965986394558,168.0,high,kizomba,2026-04-10T16:47:45.386786
Cubita - Planos (Zouk).mp3,216.8279365079365,15.974920634920634,192.0,high,zouk,2026-04-10T16:50:18.613415
D Benilson Feat Yasmin Azevedo - Tá Calor (Prod Eide Cris).mp3,131.20108843537415,5.974920634920635,66.0,high,unknown,2026-04-10T16:51:51.862202
Dada 2 - Semba Da Cura.mp3,250.1950113378685,3.9749659863945577,236.0,high,semba,2026-04-10T16:54:56.331407
Dama Diva - Fight (Kuduro) (Prod. DJ Dix).mp3,177.0985941043084,4.974965986394558,164.0,high,kuduro,2026-04-10T16:57:13.093885
"David Carreira - Quanto Tempo Tem (feat. SYRO, Daniela Mercury).mp3",203.83492063492062,15.974965986394558,184.0,high,unknown,2026-04-10T16:59:46.899985
DBenilson & Delma Silva feat. Extrambôlica - Dificuldade (Afro House) (Prod. Edson Beat & Daniel Macoriano).mp3,130.77478458049887,121.97492063492064,125.38126984126984,high,house,2026-04-10T17:00:44.127902
Deezy - Granda Makongo (feat. Dada 2).mp3,213.00680272108843,13.974920634920634,182.0,high,unknown,2026-04-10T17:03:24.160855
Deezy - Salo.mp3,168.5536507936508,13.974965986394558,152.0,high,unknown,2026-04-10T17:05:28.109020
Deezy - Sinais (feat. Júnior Lisboa).mp3,200.03990929705216,7.974965986394558,174.0,high,unknown,2026-04-10T17:07:45.675031
Deezy - Todos Roubam (feat. Masta OGBIGBABE).mp3,216.03845804988663,15.974920634920634,204.0,high,unknown,2026-04-10T17:10:28.355366
Deezy - Verdadeira Fé (feat. Mano Chaba).mp3,217.03691609977324,1.974965986394558,194.0,high,unknown,2026-04-10T17:13:08.926729
Deezy x 12FUROS x Dj Callas - Espelho (Remix).mp3,140.10920634920635,3.9749659863945577,128.0,high,unknown,2026-04-10T17:14:51.318838
Deezy x Jimmy P x Phedilson - Malembe (Remix).mp3,207.44707482993198,11.974920634920634,192.0,high,unknown,2026-04-10T17:17:13.066609
Deezy x Júnior Lisboa x Miss Tchamba - Pão.mp3,261.55972789115646,3.9749206349206347,248.0,high,unknown,2026-04-10T17:19:53.860757
Delero King - Será (Kuduro).mp3,210.80925170068028,11.974920634920634,196.0,high,kuduro,2026-04-10T17:22:05.971855
Destinados - Mal hábito.mp3,166.92353741496598,19.974965986394558,132.0,high,unknown,2026-04-10T17:23:53.989428
Diff - Ninja (Rap).mp3,190.05532879818594,11.974920634920634,180.0,high,rap,2026-04-10T17:26:11.925900
DJ Black Spygo feat. Anna Joyce - Cama Vazia (Zouk).mp3,280.0,15.974965986394558,256.0,high,zouk,2026-04-10T17:29:38.336106
Dj Famoroso & Ciente Romântico – Não Faz Coro (feat. Caizer & Alzira Baptista).mp3,164.0,7.974920634920635,144.0,high,unknown,2026-04-10T17:32:08.397305
Dj Famoroso X Júnior No Beat - Aquiles (Extended).mp3,294.266485260771,19.974920634920636,260.0,high,unknown,2026-04-10T17:35:06.923367
Dj Habias - Laka Kabo (feat. Mr. Culanda).mp3,312.5043083900227,71.97496598639455,280.0000453514739,high,unknown,2026-04-10T17:38:09.417822
DJ Helio Baiano & Octávio Cabuata - Bambo Lwami (feat. NATASHA MD).mp3,385.85578231292516,23.974920634920636,352.0,high,unknown,2026-04-10T17:42:18.644012
"DJ Helio Baiano x Octávio Cabuata - Kina Ngoma (feat. Afro Exotiq, Miss Tchamba).mp3",384.02721088435374,23.974920634920636,368.0,high,unknown,2026-04-10T17:46:33.100881
DJ Helio Baiano x Octávio Cabuata - Ndalila (feat. Florencio Handanga).mp3,416.21006802721087,15.974920634920634,400.0,high,unknown,2026-04-10T17:51:23.076962
DJ Helio Baiano x Octávio Cabuata - Tell Me You Love Me (feat. Ponti Dikuua).mp3,449.0198639455782,15.974920634920634,416.0,high,unknown,2026-04-10T17:56:57.262375
DJ Helio Baiano x Octávio Cabuata - Your Love.mp3,384.2361904761905,27.974920634920636,360.0,high,unknown,2026-04-10T18:01:31.962759
DJ Helio Baiano x Octávio Cabuata - Your Touch (feat. Miss Tchamba).mp3,306.57414965986396,27.974965986394558,228.0,high,unknown,2026-04-10T18:07:16.617618
"Dj Kalisboy  Angola Cuia Dança feat. Tshunami, Bráulio ZP, Titica  Pedal King - É Dezembro Afro House_cbnews_227788a3.mp3",100.05501133786848,15.0,85.05496598639456,high,house,2026-04-10T18:08:57.402983
"DJ Maphorisa feat. Mark Khoza, Riky Lenyora, Vulela Maweekend & Mluusician - Ma.mp3",366.1786848072562,47.974920634920636,320.0,high,unknown,2026-04-10T18:15:04.952133
"DJ Mario Pro feat. Filho Do Zua, Tshunami & Noite e Dia - Parte A Coluna (Remix).mp3",190.05532879818594,3.9749659863945577,168.0,high,unknown,2026-04-10T18:18:18.731258
"Dj Nelasta Nel Flow & Teo No Beat feat. Ary Santiego, Nery Pro, Dj Palhas Jr. - Palma Da Mão (Afro House).mp3",174.31219954648526,11.974920634920634,128.0,high,house,2026-04-10T18:21:10.449146
DJ Nelasta Nel Flow - Iyo.mp3,362.0092517006803,15.974965986394558,312.0,high,unknown,2026-04-10T18:27:07.028403
DJ Nelasta Nel Flow - Maio.mp3,322.62820861678006,15.974920634920634,280.0,high,unknown,2026-04-10T18:32:39.046665
DJ Nelasta Nel Flow - Maleba.mp3,337.54848072562356,23.974920634920636,304.0,high,unknown,2026-04-10T18:38:48.766146
Dj Nelasta Nel Flow - Maye (Original Mix).mp3,320.0638548752834,19.974920634920636,284.0,high,unknown,2026-04-10T18:44:56.664811
DJ Nelasta Nel Flow - Tango (Afro House).mp3,317.46321995464854,55.974920634920636,280.0,high,house,2026-04-10T18:50:04.836564
DJ Nelasta Nel Flow - Tango.mp3,320.04063492063494,15.974920634920634,280.0,high,unknown,2026-04-10T18:55:24.129830
Dj Nelasta Nel Flow X Nery Pro - Akan Two (Afro House).mp3,187.94231292517006,7.974965986394558,154.0,high,house,2026-04-10T18:58:37.701675
DJ Nelasta Nel Flow x Nery Pro - Da Me Un Grrr.mp3,249.3126530612245,27.974920634920636,184.0,high,unknown,2026-04-10T19:03:21.247114
Dj VerigalSintonia07MC TCHABACO-Pedaladas_cbnews_eb49ca0f.mp3,132.43401360544217,15.0,117.43401360544217,high,unknown,2026-04-10T19:05:39.881631
Djodje - Simultâneo Abrigo (Zouk).mp3,185.62031746031747,15.974920634920634,164.0,high,zouk,2026-04-10T19:08:57.319940
DODDY - Exagerar (feat. Daniel Nascimento).mp3,178.0839909297052,3.9749206349206347,136.0,high,unknown,2026-04-10T19:12:12.214983
drump africa.mp3,43.85015873015873,37.133922902494334,39.29197278911565,high,unknown,2026-04-10T19:12:37.210644
Dupla Gelado De Mucua feat. Neide Sofia - Yuda Yuda (Afro Trap) (Prod. Mauro Dix Dj & Vedapilha Beat).mp3,162.81832199546486,3.9749206349206347,144.0,high,rap,2026-04-10T19:15:31.982798
Dúpla Gelado De Múcua - Já Me Trairam (feat Tshunami).mp3,136.81197278911566,14.974920634920634,121.5,high,unknown,2026-04-10T19:17:53.620250
Eclipson Guimas Feat Padre Bilson -Televisão  (Prod @eltchapo).mp3,239.4655782312925,7.974965986394558,216.0,high,unknown,2026-04-10T19:22:14.326621
Elisabeth Ventura - Arregaça (Rap).mp3,145.81514739229024,3.9749206349206347,132.0,high,rap,2026-04-10T19:24:44.123146
Emana Cheezy & Luessy - Labuta Inovação (Rap).mp3,168.69297052154195,11.974965986394558,148.0,high,rap,2026-04-10T19:27:46.154279
Eric Rodrigues - Dedo Do Meio.mp3,189.5677097505669,3.9749206349206347,152.0,high,unknown,2026-04-10T19:51:18.528133
Eudreezy - Abusas De Mais (feat. Edgar Domingos).mp3,210.65142857142857,15.974965986394558,160.0,high,unknown,2026-04-10T19:53:07.030211
Eudreezy - Egoísta.mp3,136.82213151927436,15.974920634920634,96.0,high,unknown,2026-04-10T19:54:22.130147
Eudreezy - Fim Do Jogo.mp3,161.7966439909297,15.974920634920634,140.0,high,unknown,2026-04-10T19:55:54.947572
Eudreezy - Já Não Dói.mp3,131.05342403628117,11.974920634920634,116.0,high,unknown,2026-04-10T19:57:08.782769
Eudreezy - Mereço Mais (feat. Lil Saint).mp3,180.24344671201814,27.974920634920636,168.0,high,unknown,2026-04-10T19:58:47.001443
Eudreezy - Passar Mal.mp3,160.05514739229025,7.974965986394558,140.0,high,unknown,2026-04-10T20:00:19.484976
Eudreezy - Pecado Favorito.mp3,127.81278911564625,7.974965986394558,112.0,high,unknown,2026-04-10T20:01:30.439132
Fariseu Figura - Fazer de Novo (Prod Decharme  Único No Beats).mp3,251.7692517006803,9.474920634920634,228.40063492063493,high,unknown,2026-04-10T20:03:54.631452
Felishia - Ponto Fraco (Zouk).mp3,178.2828117913832,5.974965986394558,170.0,high,zouk,2026-04-10T20:05:37.980369
Felishia - Ponto Fraco.mp3,178.2828117913832,7.974920634920635,168.0,high,unknown,2026-04-10T20:07:19.612419
Filho Da Nação feat. Tshunami - Me Deixa Brilhar (Afro House) (Prod. DJ gostoso Pró).mp3,162.24761904761905,133.97492063492064,136.41609977324262,high,house,2026-04-10T20:08:16.145969
Filho do Zua feat Noite e Dia e Tshunami - Parte a Coluna.mp3,170.698231292517,9.474920634920634,128.0,high,unknown,2026-04-10T20:09:53.576912
Filomena Maricoa - Moral (Zouk).mp3,164.722358276644,9.974965986394558,146.0,high,zouk,2026-04-10T20:11:25.570609
Filomena Maricoa - Moral.mp3,170.7131065759637,19.974920634920636,144.0,high,unknown,2026-04-10T20:12:58.747666
Florêncio Handanga - Ndilombeleko (Drill).mp3,174.91591836734693,15.974920634920634,164.0,high,drill,2026-04-10T20:14:35.163372
Força Suprema feat. Rahiz - Conto De Fadas (Rap).mp3,153.51727891156463,3.9749206349206347,136.0,high,rap,2026-04-10T20:16:02.997655
Frank Dior x OG Mimoso - A fama tem preço (Prod Astro Rec).mp3,183.70721088435374,33.67863945578231,175.638231292517,high,unknown,2026-04-10T20:17:40.047422
Fábio Hustle feat Gerilson Insrael - Estava Mal.mp3,209.41301587301587,18.734875283446712,195.0477097505669,high,unknown,2026-04-10T20:19:36.531043
Fábio HustleButton Rose-Filha Alheia_cbnews_4d331f50.mp3,199.16798185941042,15.0,159.16798185941042,high,unknown,2026-04-10T20:21:27.424398
Ganan Boy & Gerilson Insrael - Espírito.mp3,171.34897959183672,14.522630385487528,153.8785941043084,high,unknown,2026-04-10T20:23:02.822418
Ganan Boy - Tem Mel.mp3,179.93142857142857,7.974920634920635,156.0,high,unknown,2026-04-10T20:24:49.597132
Gerilson Insrael - Aroma Insano.mp3,158.1009977324263,19.580680272108843,121.15582766439908,high,unknown,2026-04-10T20:26:17.468473
Gerilson Insrael - Corrida.mp3,237.8985941043084,19.974965986394558,210.0,high,unknown,2026-04-10T20:28:31.087172
Gerilson Insrael - Deixa.mp3,197.05469387755102,7.974965986394558,172.0,high,unknown,2026-04-10T20:31:04.186305
Gerilson Insrael - Ham.mp3,192.5166439909297,3.9749659863945577,154.0,high,unknown,2026-04-10T20:32:54.119346
Gerilson Insrael - In Love.mp3,182.95002267573696,7.974920634920635,154.0,high,unknown,2026-04-10T20:34:46.279029
Gerilson Insrael - Lelo.mp3,260.0,3.9749206349206347,248.0,high,unknown,2026-04-10T20:37:24.371028
Gerilson Insrael - Linda.mp3,217.94249433106575,7.974965986394558,182.0,high,unknown,2026-04-10T20:39:31.714487
Gerilson Insrael - Me Gira.mp3,219.60126984126984,5.974920634920635,176.0,high,unknown,2026-04-10T20:41:41.572739
Gerilson Insrael - Trindindin.mp3,203.75510204081633,1.974920634920635,180.0,high,unknown,2026-04-10T20:43:39.787306
Gerilson Insrael - Vamos Só Voltar.mp3,201.62721088435373,17.747936507936508,191.69873015873017,high,unknown,2026-04-10T20:45:34.914810
Gerilson Insrael feat Modizo - Fogo.mp3,190.01904761904763,23.974920634920636,160.0,high,unknown,2026-04-10T20:47:19.885519
"Godzilla Do Game feat. Ney Chiqui, Dupla Gelado De Múcua  Dj Xtrago De Leve - Pera Afro House_cbnews_aea4032f.mp3",198.1819954648526,15.0,160.70897959183674,high,house,2026-04-10T20:49:11.803633
Godzilla Do Game x Dj Do Pappo x Deejay Sadji Jr - Le Pega (Afro Funk).mp3,105.74367346938776,87.97496598639455,90.2029931972789,high,unknown,2026-04-10T20:49:48.878848
Helio Baiano & Miss Tchamba & Sofia Carvalho - Não Dá.mp3,180.0475283446712,15.974965986394558,152.0,high,unknown,2026-04-10T20:51:31.678895
Helio Baiano & Miss Tchamba & Tânia & Sofia Carvalho - Acabou.mp3,228.34503401360544,15.974920634920634,196.0,high,unknown,2026-04-10T20:53:41.359113
Helio Baiano & Miss Tchamba - Meu Love (feat. Kelson Most Wanted).mp3,158.499410430839,15.974965986394558,144.0,high,unknown,2026-04-10T20:55:09.039988
Helio Baiano & Sofia Carvalho - Right Now.mp3,208.23655328798185,15.974920634920634,184.0,high,unknown,2026-04-10T20:57:07.048902
"Helio Baiano feat. Miss Tchamba, SPÎKE, Sofia Carvalho & Edgar Domingos - Titiri Titi (Remix).mp3",178.1667120181406,15.974920634920634,164.0,high,unknown,2026-04-10T20:58:53.301660
Icce Struvura x DJ Júnior Scratch x Tshunami - Vou Viola.mp3,157.03655328798186,27.974920634920636,148.0,high,unknown,2026-04-10T21:00:46.327524
Ivandra Caxarel x Eraldina Santos x Neide Sofia - We Go.mp3,187.49678004535147,7.974965986394558,176.0,high,unknown,2026-04-10T21:03:02.760107
IZA - Caos e Sal.mp3,156.71151927437643,3.9749206349206347,144.0,high,unknown,2026-04-10T21:04:48.139619
IZA - Tão Bonito.mp3,200.16766439909298,1.974965986394558,186.0,high,unknown,2026-04-10T21:06:52.126834
John Trouble - Mr. Caneta (Kuduro).mp3,194.68625850340135,11.974920634920634,150.0,high,kuduro,2026-04-10T21:09:11.049354
John Trouble - Qualquer Coisa (Afro House).mp3,124.99301587301588,21.974920634920636,106.0,high,house,2026-04-10T21:10:26.977601
John Trouble feat. 12 Furos  Teo No Beat - Vamos Levar Oq Remix_cbnews_a4f922e6.mp3,212.0108843537415,15.0,172.01002267573696,high,unknown,2026-04-10T21:12:44.853140
Johnny Berry feat. Eudreezy - Chorar Baixinho (Afro Beat).mp3,165.46539682539682,3.9749659863945577,156.0,high,unknown,2026-04-10T21:14:33.664521
Jordânia - Não Existe (Zouk).mp3,194.21170068027212,15.974965986394558,176.0,high,zouk,2026-04-10T21:16:37.086165
Joyful Meet - Royalty Free Music .mp3,36.737414965986396,25.569387755102042,28.68512471655329,high,unknown,2026-04-10T21:16:49.955668
Júnior Boyca x Tennaz x Lurhany -Tudo que elas gostam_cbnews_8c315da2.mp3,228.16897959183675,15.0,188.16897959183675,high,unknown,2026-04-10T21:19:13.816119
Júnior No Beat feat. Dário Banga - Rito (Original Mix).mp3,316.04680272108845,47.974920634920636,268.0,high,unknown,2026-04-10T21:22:32.106851
Júnior No Beat X John Melaço X Dj Cossante - Ç (Afro House).mp3,165.23319727891158,143.97492063492064,150.03555555555556,high,house,2026-04-10T21:23:44.740841
Kabza De Small - Bing Bong 2.0 (Original Mix).mp3,259.3538321995465,83.97492063492064,240.0,high,unknown,2026-04-10T21:26:34.750765
Karliteira feat. Dj Milton Sergio - Vou Bater Na Parede (Afro House) (Prod. Dj TCalifa x Dj Black Py).mp3,140.08598639455784,3.9749659863945577,130.0,high,house,2026-04-10T21:28:02.020051
Kataleya feat. Ronaldo Fernandes - Teu Corpo (Zouk).mp3,160.01886621315194,19.974920634920636,122.0,high,zouk,2026-04-10T21:30:02.641063
Kelson Most Wanted - Dias Melhores (Rap).mp3,130.5425850340136,7.974920634920635,120.0,high,rap,2026-04-10T21:31:35.730516
"Kelson Most Wanted - Dinheiro e Problema (feat. Addy Buxexa, Luessy, William Sardinha, Riko, Kev & Slime).mp3",343.0980498866213,7.974965986394558,240.0,high,unknown,2026-04-10T21:36:03.112161
Kelson Most Wanted - Diário De Um Puto Que Quis Ser Cantor (feat. Tio Edson).mp3,251.38938775510204,7.974920634920635,232.0,high,unknown,2026-04-10T21:38:48.814376
Kelson Most Wanted - Isso Não Foi Bom Pra Mim.mp3,257.0550566893424,7.974965986394558,204.0,high,unknown,2026-04-10T21:42:02.991135
Kelson Most Wanted - Meia Noite (feat. Tio Edson).mp3,216.97741496598638,7.974920634920635,188.0,high,unknown,2026-04-10T21:44:39.249558
Kelson Most Wanted - Menino Ney (feat. Mulatooh).mp3,184.16761904761904,11.974920634920634,160.0,high,unknown,2026-04-10T21:46:38.134694
Kelson Most Wanted - Messi Na Copa.mp3,141.21070294784582,15.974965986394558,128.0,high,unknown,2026-04-10T21:48:12.442167
Kelson Most Wanted - Minha Ansiedade.mp3,197.61197278911564,15.974965986394558,176.0,high,unknown,2026-04-10T21:50:28.908973
Kelson Most Wanted - Nós Vamos Ficar Bem (feat. Xuxu Bower).mp3,250.019410430839,7.974920634920635,232.0,high,unknown,2026-04-10T21:53:50.600359
Kelson Most Wanted - Quero Mais.mp3,193.07392290249433,7.974920634920635,172.0,high,unknown,2026-04-10T21:56:28.856943
Kelson Most Wanted - Quiet Luxury (feat. Lil Janne Kev & Wizzy).mp3,234.06730158730159,11.974920634920634,116.0831746031746,high,unknown,2026-04-10T21:59:04.981120
Kelson Most Wanted - Rap Genérico.mp3,167.43219954648526,11.974965986394558,148.0,high,rap,2026-04-10T22:01:04.135768
Kelson Most Wanted - Repetitivo.mp3,196.06929705215418,11.974920634920634,176.0,high,unknown,2026-04-10T22:03:32.135508
Kelson Most Wanted - Sem Ti.mp3,210.09414965986394,23.974965986394558,176.0,high,unknown,2026-04-10T22:06:14.365124
Kelson Most Wanted - Tou Pior (feat. Lil Boy e Lil Mac).mp3,209.09569160997734,7.974920634920635,176.0,high,unknown,2026-04-10T22:08:49.043985
Kelson Most Wanted - Underground King.mp3,277.8601360544218,7.974920634920635,236.0,high,unknown,2026-04-10T22:12:28.041062
Kiari Flores feat. Paulo Flores - Mar De Rosas (Rap) (Prod. Prodígio & Boper).mp3,212.0,27.974965986394558,200.0,high,rap,2026-04-10T22:15:34.135001
"Kid MC, Extremo Signo & Army Squad - Alta Cúpula.mp3",306.4156462585034,19.974920634920636,296.0,high,unknown,2026-04-10T22:19:18.919713
Killa Hill - Ngana (feat. Ney Chiqui).mp3,282.14566893424035,23.974920634920636,266.0,high,unknown,2026-04-10T22:22:57.959670
King Defofera feat. Delma Silva & Evanilson De Almeida - Safada (Afro House).mp3,134.48997732426304,3.9749206349206347,80.0,high,house,2026-04-10T22:24:38.161724
King Defofera feat. El Mocito - Lhe Deixa Afro House_cbnews_00d4a570.mp3,130.4259863945578,15.0,115.42498866213153,high,house,2026-04-10T22:25:58.447119
Kinidaile feat General Chegue & Masta Py - Vou Mandar Mais (Driil)(2).mp3,175.40027210884352,3.1550113378684808,164.1683446712018,high,unknown,2026-04-10T22:27:51.092508
Kletuz feat. Teo No Beat - Depois Do Kuyuyu (Zouk).mp3,187.9887528344671,5.974965986394558,172.0,high,zouk,2026-04-10T22:29:46.248314
Lil Mac & Lil Boy - Estou Errado_cbnews_605eba0b.mp3,160.7390022675737,15.0,145.7390022675737,high,unknown,2026-04-10T22:31:20.337714
Lil Mac & Lil Boy AAires LipeSky - Top5_cbnews_0bef5df8.mp3,256.0,15.0,216.0,high,unknown,2026-04-10T22:33:52.802690
Lil Saint - Relógio (Zouk).mp3,205.93777777777777,15.974965986394558,148.0,high,zouk,2026-04-10T22:35:51.848042
LilMac  Lil Boy  Micha Star  Lil Drizzy - Bellingham_cbnews_4da6ac32.mp3,225.81401360544217,15.0,185.81396825396826,high,unknown,2026-04-10T22:38:03.735471
LilMac  Lil Boy  Polaco  Nello Boy - Terrace Pov_cbnews_1eca61c9.mp3,190.00897959183675,15.0,153.82299319727892,high,unknown,2026-04-10T22:39:55.134445
LilMac  Lil Boy - Belaire Boyz_cbnews_036866e2.mp3,161.9590022675737,15.0,146.9590022675737,high,unknown,2026-04-10T22:41:27.770314
LilMac & Lil Boy - Belaire Boyz.mp3,161.9591836734694,9.474965986394558,148.0,high,unknown,2026-04-10T22:43:04.657281
LilMac & Lil Boy - Estou Errado_cbnews_7eeb6d06.mp3,160.7390022675737,15.0,145.7390022675737,high,unknown,2026-04-10T22:44:39.469414
LilMac & Lil Boy - Pandora_cbnews_ba689a2c.mp3,161.91301587301587,15.0,146.91297052154195,high,unknown,2026-04-10T22:46:38.712353
Lokua Kanza - Meu Amor (Dj Johnny By Afro Remix).mp3,320.27283446712016,27.974965986394558,216.0,high,unknown,2026-04-10T22:50:50.586974
Lurdes Miranda - Dor (Afro Pop).mp3,180.1404081632653,15.974920634920634,164.0,high,unknown,2026-04-10T22:52:43.144704
Lurhany & Teo no Beat - Fotografia.mp3,188.9578231292517,15.974920634920634,174.0,high,unknown,2026-04-10T22:54:34.621028
Malunne feat. Os Reflexos - Colou (Afro House) (Prod. Dj Aka-M).mp3,158.73160997732427,135.97492063492064,141.31238095238095,high,house,2026-04-10T22:55:31.578727
Marcos Freire x Nair Nany - Melhor Amigo O Que Seria De Mim (Ao Vivo).mp3,861.8086167800453,11.974965986394558,744.0,high,unknown,2026-04-10T23:04:18.106304
Maskarado feat. Mozany Bué De Ahh - De4 (Afro House).mp3,113.59201814058957,97.97496598639455,104.2354648526077,high,house,2026-04-10T23:04:57.690747
Masta OGBIGBABE - Mastaveli (Rap).mp3,224.16544217687076,11.974920634920634,212.0,high,rap,2026-04-10T23:07:07.587972
Matias Damásio - Juro Por Deus (Afro Beat).mp3,219.10349206349207,18.974920634920636,204.0,high,unknown,2026-04-10T23:09:15.811211
Matias Damásio - Juro Por Deus.mp3,219.10349206349207,15.974920634920634,208.0,high,unknown,2026-04-10T23:11:21.459478
Mauro Dix Dj X  Preto Show feat. Eman Chabas & Silibé - Tá Lhe Picar (Afro House).mp3,150.81360544217688,2.9749659863945577,140.0,high,house,2026-04-10T23:12:51.055320
MDO (Menino de Ouro) – Chama.mp3,185.0165986394558,3.9749206349206347,160.0,high,unknown,2026-04-10T23:14:41.761157
Mendez - Brillas Más Que Ayer.mp3,160.73396825396824,9.474920634920634,148.0,high,unknown,2026-04-10T23:16:13.258893
Meni K  De Capa - Lotador.mp3,168.90884353741495,12.974965986394558,158.0,high,unknown,2026-04-10T23:17:49.674169
Mercy Chinwo - I Depend On You (Gospel).mp3,222.4471655328798,9.974920634920634,210.0,high,unknown,2026-04-10T23:20:01.808990
Messias-Maricoa-Grrrr.mp3,127.6865306122449,3.9749659863945577,112.0,high,unknown,2026-04-10T23:21:14.769779
Miguel Buila feat. Telma Lee - Casamento (Zouk).mp3,234.5447619047619,11.974965986394558,224.0,high,zouk,2026-04-10T23:23:32.817388
Ministro Do Adoço - Vou Dormir Na Xuxa (Kuduro) (Prod. Yoisboy Beat).mp3,140.66648526077097,131.97496598639455,134.41482993197278,high,kuduro,2026-04-10T23:24:20.490360
"Mizzy Miles, Teto, Ryu & The Runner - HIGH LIFE (feat. Teto & Ryu, the Runner).mp3",192.0,7.974965986394558,172.0,high,unknown,2026-04-10T23:26:14.196467
"Monsta - Man Down (feat. DJ Liu One, Miz Trini).mp3",166.8585941043084,7.974965986394558,152.0,high,unknown,2026-04-10T23:27:51.098636
Monsta – Hallelujah (feat. DJ Liu One).mp3,208.98975056689343,9.974965986394558,196.0,high,unknown,2026-04-10T23:29:51.971867
Monstrinho Truca feat. Delma Silva & Evanilson De Almeida - Aputarada (Afro House).mp3,117.93414965986395,110.97492063492064,113.12267573696145,high,house,2026-04-10T23:30:29.412669
Mozany Bué de Ahh x Aldair Olhaa x Dj Denon - Bem Boa_cbnews_438938d9.mp3,105.77700680272109,15.0,90.77700680272109,high,unknown,2026-04-10T23:31:27.380667
Mozany Bué De Ahh x Dj Verigal & Sara Cuca - Abana (Afro House).mp3,121.85832199546485,101.97492063492064,105.23256235827664,high,house,2026-04-10T23:32:10.279295
Naice Zulu feat. Nigga Jo - Eu Contra Todos (Rap).mp3,284.51410430839,11.974920634920634,272.0,high,rap,2026-04-10T23:34:56.673692
Nery Pro X DJ Adi Mix & Picante - Ok Ok (Instrumental).mp3,107.34585034013605,18.974920634920636,88.0,high,unknown,2026-04-10T23:35:54.077101
Nerú Americano feat. Pokémon - Palminhas (Afro House).mp3,204.40526077097505,187.97492063492064,193.25614512471657,high,house,2026-04-10T23:37:01.912086
Ney Chiqui - Grammy (Trap).mp3,138.78566893424036,7.974965986394558,126.0,high,rap,2026-04-10T23:38:21.007966
O Ensaio (Mix de House) 2025 - Dj Delcio Brown.mp3,1524.4549659863947,255.97492063492064,894.0489795918368,high,house,2026-04-10T23:53:54.893736
Okenio M & LipeSky - Oh hit_cbnews_db8ce77e.mp3,168.71600907029477,15.0,153.71596371882086,high,unknown,2026-04-10T23:56:02.094853
Okenio M & LipeSky - Putos Pediram_cbnews_97105b13.mp3,197.4619954648526,15.0,157.4619954648526,high,unknown,2026-04-10T23:58:23.136800
Okenio M & LipeSky feat. Deksz James  Carla Prata - Lamborghini Dreams_cbnews_c4ac7e67.mp3,194.5370068027211,15.0,159.8409977324263,high,unknown,2026-04-11T00:00:42.742976
Okenio M & LipeSky feat. Elsio Dizzy & Kelson Most Wanted - Aumentei_cbnews_b972d277.mp3,219.70698412698414,15.0,179.70698412698414,high,unknown,2026-04-11T00:02:55.308729
Okenio M & LipeSky feat. Juelson Marcos - Fendi_cbnews_98279d9b.mp3,196.0239455782313,15.0,156.0229931972789,high,unknown,2026-04-11T00:04:52.656490
Okenio M & LipeSky feat. Xuxu Bower  MENDEZ - Keep Talking_cbnews_306d0857.mp3,210.37301587301587,15.0,170.37297052154196,high,unknown,2026-04-11T00:06:59.282975
Okenio M & LipeSky feat. YunLilo & Bbrocket - Crowd_cbnews_efdf013e.mp3,167.97301587301587,15.0,152.97297052154195,high,unknown,2026-04-11T00:08:39.238458
Omah Lay - Waist (Afro Beat).mp3,165.67437641723356,3.9749206349206347,156.0,high,unknown,2026-04-11T00:10:19.949451
Os Biu Bau - Me Matem feat. Adi Mix  Picante 1_cbnews_5d7fd9e8.mp3,129.8560090702948,15.0,114.85596371882086,high,unknown,2026-04-11T00:11:34.155565
Os Nastra 5 x Brazucas - Broca (Original).mp3,140.34140589569162,129.97496598639455,132.23999999999998,high,unknown,2026-04-11T00:12:20.847786
Patri Dance - Tesão (Me Tesoura).mp3,127.05759637188208,9.474965986394558,52.0,high,unknown,2026-04-11T00:13:34.739925
Paulelson - Culpa Minha.mp3,142.97541950113379,11.974920634920634,124.0,high,unknown,2026-04-11T00:14:57.821932
Paulelson - Incontestável.mp3,168.0065306122449,11.974965986394558,152.0,high,unknown,2026-04-11T00:16:36.596598
Paulelson - Já Dei.mp3,194.4540589569161,11.974920634920634,156.0,high,unknown,2026-04-11T00:18:32.636714
Paulelson - Manda Fogo.mp3,162.01578231292518,11.974920634920634,152.0,high,unknown,2026-04-11T00:20:06.919267
Paulelson - NM III.mp3,131.01714285714286,7.974965986394558,114.0,high,unknown,2026-04-11T00:21:23.708430
Paulelson - Paxi Ni Ngongo.mp3,185.5608163265306,7.974965986394558,164.0,high,unknown,2026-04-11T00:23:14.922085
Paulelson - Shinobi.mp3,163.94303854875284,11.974920634920634,136.0,high,unknown,2026-04-11T00:24:53.268568
Paulelson feat Altifridi - Kibulo.mp3,163.17678004535148,7.974920634920635,144.0,high,unknown,2026-04-11T00:26:29.177313
Paulelson feat BakaBaki - Flecha de Amor.mp3,189.8100680272109,7.974965986394558,176.0,high,unknown,2026-04-11T00:28:20.316831
Paulelson feat CEF Tanzy  - Conexão.mp3,181.40444444444444,7.974920634920635,168.0,high,unknown,2026-04-11T00:30:07.914720
Paulelson feat Landrick - Recuerdo.mp3,229.7948299319728,7.974965986394558,212.0,high,unknown,2026-04-11T00:32:26.038310
Paulelson feat T-Rex - Pingu Pingu.mp3,191.04072562358277,11.974965986394558,176.0,high,unknown,2026-04-11T00:34:20.241376
Paulelson feat Treezy Flacko - Kamassutra.mp3,160.01886621315194,3.9749206349206347,124.0,high,unknown,2026-04-11T07:55:26.983313
Paulelson – MIMO.mp3,161.96063492063493,13.974920634920634,144.0,high,unknown,2026-04-11T07:57:49.426029
Phoenix RDC  feat. Wet Bed Gang & Nenny - Blessed (Rap).mp3,236.7738775510204,3.9749206349206347,228.0,high,rap,2026-04-11T08:02:11.898547
Pitt Kelson - Bater De Frente Afro Trap_cbnews_3e1317a8.mp3,144.2419954648526,15.0,129.2409977324263,high,rap,2026-04-11T08:04:41.731664
Plutonio - Agradecido (feat. MBO Arena).mp3,294.3682993197279,11.974920634920634,276.0,high,unknown,2026-04-11T08:10:20.183064
Preto ShowMozany Bué de AhhJéssica Pitbull-Lá em Cima_cbnews_cd5dd177.mp3,156.0019954648526,15.0,141.0019954648526,high,unknown,2026-04-11T08:13:09.238156
Prodígio feat. Valete - A Salvação Rap_cbnews_018382c8.mp3,243.67002267573696,15.0,203.66997732426304,high,rap,2026-04-11T08:17:50.832132
Projecto 100 Boss - Remontada (Kuduro) (Prod. Negro Chato).mp3,240.860589569161,7.974920634920635,228.0,high,kuduro,2026-04-11T08:22:15.360685
Projecto 100 Boss feat. Os Seketxe - Cawisso (Kuduro) (Prod. DJ Preto Fino).mp3,271.3716099773243,7.974965986394558,260.0,high,kuduro,2026-04-11T08:27:17.772282
Projecto Delson Fusão x Eidecris - Pega Bem.mp3,127.40027210884354,7.974920634920635,104.5,high,unknown,2026-04-11T08:29:35.208311
Puto Lilas - Baixoumetro (Kuduro).mp3,168.65736961451248,3.9749659863945577,156.0,high,kuduro,2026-04-11T08:32:43.438308
Puto Português x Lil Magro x Texas - Viver De Sonho (Kuduro) (Prod. Rei Dos Beats).mp3,232.43174603174603,7.974965986394558,220.0,high,kuduro,2026-04-11T08:37:09.722576
"Rafael Beats feat. Junior Lisboa, Delma Silva & Tshunami - Tou Sozinho (Afro Trap).mp3",156.59537414965988,15.974965986394558,144.0,high,rap,2026-04-11T08:39:57.510252
Rayvanny feat. Salima Chica - Songi Songi (Remix).mp3,229.66857142857143,11.974920634920634,156.0,high,unknown,2026-04-11T08:44:14.926240
Rei Loy - Arrependimento (feat. Chefe Mou You).mp3,319.94775510204084,11.974965986394558,308.0,high,unknown,2026-04-11T08:50:13.381148
Rey Culhe - Do Babulo (Kuduro) (Prod. Fack No Beat).mp3,317.2843537414966,11.974920634920634,308.0,high,kuduro,2026-04-11T08:56:13.944459
Russo K feat. Delev - Vontade De Viver (Kuduro).mp3,208.32943310657598,9.974965986394558,200.0,high,kuduro,2026-04-11T09:00:14.382015
Saga Pro x Chato Chatilson - Sintomas.mp3,157.48027210884354,3.85968253968254,143.444716553288,high,unknown,2026-04-11T09:03:17.203201
Sambatra - Tchawaba.mp3,125.0,107.97496598639455,116.75759637188207,high,unknown,2026-04-11T09:04:39.419019
Scró Que Cuia feat Tshunami & Nerú Americano - Txibii (Afro House).mp3,143.60925170068026,130.00185941043082,134.15346938775508,high,house,2026-04-11T09:06:17.463186
"Selirasday - Tá Amarrado (feat. 12FUROS, Djamberão).mp3",172.61714285714285,7.974965986394558,164.0,high,unknown,2026-04-11T09:09:26.892548
SILIBÉ & DJ Johnny By-PORORORO [Feat Eman Chabas & Yasmim Azevedo] REMIX.mp3,134.002358276644,111.97492063492064,116.73501133786849,high,unknown,2026-04-11T09:10:57.222353
Silveira x Yasmim Azevedo x Dj Papilson Star - Pelo Preto.mp3,96.0,87.97496598639455,90.59532879818593,high,unknown,2026-04-11T09:11:58.660264
Sininada feat. Izztopik & 3 Finer - Angeli (Afro Pop).mp3,153.54049886621314,3.9749659863945577,132.0,high,unknown,2026-04-11T09:14:59.414013
Socorro & Gerilson Insrael - Ntima (Amapiano).mp3,229.4770068027211,47.66231292517007,214.03800453514742,high,unknown,2026-04-11T09:19:09.841274
Soraia Ramos - Gbb (feat. Zara Williams).mp3,203.03528344671201,11.974920634920634,180.0,high,unknown,2026-04-11T09:22:51.028507
Soraia Ramos feat. Zara Williams - Gbb (Afro Beat).mp3,203.03528344671201,11.974920634920634,180.0,high,unknown,2026-04-11T09:26:38.692813
SUBLIME & DEEZY - NOVELA.mp3,180.3958276643991,9.474920634920634,144.0,high,unknown,2026-04-11T09:29:59.213497
Sublime 414 - Não Estou Bem.mp3,140.00036281179138,23.974965986394558,128.0,high,unknown,2026-04-11T09:32:43.472813
Sílvia Timóteo - Betah (feat. Lucyh D Ouro).mp3,242.21750566893425,7.974965986394558,220.0,high,unknown,2026-04-11T09:37:17.706424
Tayc - Il sappelaitTayc (R&B).mp3,220.50684807256235,5.974920634920635,192.0,high,unknown,2026-04-11T09:41:24.234314
Tchutchu Librinca feat. 12 Furos - Na Conta (Kuduro).mp3,188.31383219954648,7.974920634920635,116.0,high,kuduro,2026-04-11T09:44:52.201779
"Tchutchu LiBrinca feat. Dj Belo Funk, Os Tukuba & Mari Lua - Lixo Tradicional D.mp3",212.13750566893424,3.9749206349206347,184.0,high,unknown,2026-04-11T09:48:54.148715
Team Suicida feat. Aldair Olha - Se Sarva (Afro House) (Prod. Dj Jorge Mágico & .mp3,141.01478458049885,3.9749206349206347,130.0,high,house,2026-04-11T09:51:32.069218
Tekno_-_Dont_Stop_cbnews_f3b533af.mp3,147.17496598639457,15.0,132.17401360544218,high,unknown,2026-04-11T09:54:13.604238
Telma Lee - Fundo Do Poço (Zouk).mp3,199.87736961451247,7.974965986394558,188.0,high,zouk,2026-04-11T09:58:04.092916
Telmo Aquece - Samba Afro House_cbnews_6b46d5b9.mp3,87.1209977324263,15.0,72.1209977324263,high,house,2026-04-11T09:59:30.540012
Telmo Aquece – Lhe Acaba (feat. Silvia Silly).mp3,129.62684807256235,2.9749206349206347,104.00004535147393,high,unknown,2026-04-11T10:01:54.893414
TENNAZ - Blogueirinho Barato (Rap) (Beef para Zemmabi e Zola D’Lixo).mp3,119.0487074829932,1.974920634920635,113.0,high,rap,2026-04-11T10:04:11.776529
Tennaz - Kizombeiro Ordinário (Trap).mp3,104.65233560090702,3.9749206349206347,96.0,high,rap,2026-04-11T10:06:11.468059
Tennaz - Ponto Final (Rap).mp3,88.53768707482993,3.9749659863945577,84.0,high,rap,2026-04-11T10:07:49.606049
"Titica - Dá No Bebé (feat. Adi Mix, Picante).mp3",187.8726530612245,3.9749659863945577,168.0,high,unknown,2026-04-11T10:11:21.935447
Titica - Lelo (Afro Beat).mp3,202.33868480725624,3.9749659863945577,192.0,high,unknown,2026-04-11T10:15:11.240872
Titica feat. Anna Joyce - Assume Trap Funk_cbnews_72868ad6.mp3,221.1,15.0,181.1,high,rap,2026-04-11T10:19:11.225008
Titica feat. Mozany Bué De Ahh & D’Benilson - Tranca (Afro House).mp3,170.73632653061225,159.97492063492064,162.52521541950114,high,house,2026-04-11T10:21:06.751171
Tshunami - Não Come No_Meu Dinheiro (feat AfroGago Alexandre Jorge.mp3,76.0,9.474965986394558,39.40249433106576,high,unknown,2026-04-11T10:22:22.828049
Tshunami feat. DJ Kalisboy & DJ Relâmpago - Não Come No Meu Dinheiro (Afro House).mp3,95.07265306122449,3.9749206349206347,76.0,high,house,2026-04-11T10:24:04.933463
Twenty20 – UVAS CHARDONNAY.mp3,234.0,9.974965986394558,220.0,high,unknown,2026-04-11T10:28:26.665898
Tyla - CHANEL (Amapiano).mp3,189.49804988662132,1.974965986394558,180.0,high,unknown,2026-04-11T10:32:01.790113
Tô Apaixonado - Júnior Pleya & Eliana Malandra.mp3,147.77034013605441,11.974965986394558,122.0,high,unknown,2026-04-11T10:34:49.430810
Vado Más Ki Ás feat. Rods Wires - Sopa Di Camaron (Afro House).mp3,323.2925170068027,23.974965986394558,227.86662131519273,high,house,2026-04-11T10:41:00.710007
Visão.mp3,213.57142857142858,166.4663492063492,180.17301587301588,high,unknown,2026-04-11T10:43:39.642288
Xuxu Bower - Trocos (feat. Masta OGBIGBABE).mp3,159.68362811791383,15.974920634920634,150.0,high,unknown,2026-04-11T10:46:36.831756
Yasmine - Fica á Espera (feat. Nenny).mp3,201.64208616780044,11.974920634920634,188.0,high,unknown,2026-04-11T10:50:20.673573
Yasmine - És Só Tu.mp3,174.12,7.974920634920635,160.0,high,unknown,2026-04-11T10:53:34.503613
Yola Semedo - Quem Dera (Kizomba).mp3,270.4195918367347,3.9749659863945577,256.0,high,kizomba,2026-04-11T10:58:46.306849
Young K - Coisas Pequenas  (Trap Funk).mp3,214.36662131519273,11.974965986394558,178.0,high,rap,2026-04-11T11:02:48.710549
"Zicamana_-_ME_FAZ_Prod._Eidechris,_Dj_Adi_Mix_e_Picante_Kuduro_K128k_cbnews_ead44b63.mp3",116.1019954648526,15.0,101.1019954648526,high,kuduro,2026-04-11T11:04:53.901729
Zoca Zoca feat. Uami Ndongadas & Phedilson - Tudo Bem (Afro Trap).mp3,213.34185941043083,3.9749659863945577,200.0,high,rap,2026-04-11T11:09:06.483559
